name,mu,sigma
A,27.21674518507039,5.827451454116445
B,22.783254814984236,5.827451454111259
C,17.321893374268665,6.409080198715165
D,32.678106625717824,6.409080198706598
