name,mu,sigma
D,35.55295294976495,5.480027279629816
A,28.00358755283963,4.7207909208528145
B,21.99641244754907,4.720790920854462
C,14.44704705005212,5.480027279434621
